1507099674	"Alamofire.AST.NumImportedExternalDefinitions"	881
1506974729	"Alamofire.AST.NumLoadedModules"	28
1507099674	"Alamofire.AST.NumTotalClangImportedEntities"	2920
1507099674	"Alamofire.AST.NumUsedConformances"	435
1507099674	"Alamofire.IRModule.NumIRBasicBlocks"	16869
1507099674	"Alamofire.IRModule.NumIRFunctions"	3819
1507099674	"Alamofire.IRModule.NumIRGlobals"	4521
1507099674	"Alamofire.IRModule.NumIRInsts"	123248
1507099674	"Alamofire.IRModule.NumIRValueSymbols"	7218
1507663619	"Alamofire.LLVM.NumLLVMBytesOutput"	3172156
1506974729	"Alamofire.SILModule.NumSILGenFunctions"	1861
1507099674	"Alamofire.SILModule.NumSILOptFunctions"	2991
1507099674	"Alamofire.Sema.NumConformancesDeserialized"	16433
1506974729	"Alamofire.Sema.NumConstraintScopes"	38683
1507663619	"Alamofire.Sema.NumDeclsDeserialized"	24875
1506974729	"Alamofire.Sema.NumDeclsValidated"	17283
1506974729	"Alamofire.Sema.NumFunctionsTypechecked"	1104
1506974729	"Alamofire.Sema.NumGenericSignatureBuilders"	1595
1507663619	"Alamofire.Sema.NumLazyGenericEnvironments"	2814
1507099674	"Alamofire.Sema.NumLazyGenericEnvironmentsLoaded"	383
1507099674	"Alamofire.Sema.NumLazyIterableDeclContexts"	1716
1507663619	"Alamofire.Sema.NumTypesDeserialized"	23832
1507099674	"Alamofire.Sema.NumTypesValidated"	1977
1507099674	"Kingfisher.AST.NumImportedExternalDefinitions"	3368
1506974729	"Kingfisher.AST.NumLoadedModules"	61
1507099674	"Kingfisher.AST.NumTotalClangImportedEntities"	9086
1507099674	"Kingfisher.AST.NumUsedConformances"	858
1507099674	"Kingfisher.IRModule.NumIRBasicBlocks"	25356
1507099674	"Kingfisher.IRModule.NumIRFunctions"	6265
1507099674	"Kingfisher.IRModule.NumIRGlobals"	8627
1507099674	"Kingfisher.IRModule.NumIRInsts"	189828
1507099674	"Kingfisher.IRModule.NumIRValueSymbols"	13308
1507663619	"Kingfisher.LLVM.NumLLVMBytesOutput"	5462712
1506974729	"Kingfisher.SILModule.NumSILGenFunctions"	3056
1507099674	"Kingfisher.SILModule.NumSILOptFunctions"	5723
1507099674	"Kingfisher.Sema.NumConformancesDeserialized"	30795
1507099674	"Kingfisher.Sema.NumConstraintScopes"	564928
1507663619	"Kingfisher.Sema.NumDeclsDeserialized"	48980
1506974729	"Kingfisher.Sema.NumDeclsValidated"	35702
1506974729	"Kingfisher.Sema.NumFunctionsTypechecked"	2848
1506974729	"Kingfisher.Sema.NumGenericSignatureBuilders"	3925
1507663619	"Kingfisher.Sema.NumLazyGenericEnvironments"	5174
1507099674	"Kingfisher.Sema.NumLazyGenericEnvironmentsLoaded"	876
1507099674	"Kingfisher.Sema.NumLazyIterableDeclContexts"	3642
1507663619	"Kingfisher.Sema.NumTypesDeserialized"	46208
1507099674	"Kingfisher.Sema.NumTypesValidated"	3794
1506974729	"ReactiveCocoa.AST.NumImportedExternalDefinitions"	3138
1506974729	"ReactiveCocoa.AST.NumLoadedModules"	66
1507099674	"ReactiveCocoa.AST.NumTotalClangImportedEntities"	7270
1507099674	"ReactiveCocoa.AST.NumUsedConformances"	704
1507099674	"ReactiveCocoa.IRModule.NumIRBasicBlocks"	9437
1507099674	"ReactiveCocoa.IRModule.NumIRFunctions"	5090
1507099674	"ReactiveCocoa.IRModule.NumIRGlobals"	8486
1507099674	"ReactiveCocoa.IRModule.NumIRInsts"	69895
1507099674	"ReactiveCocoa.IRModule.NumIRValueSymbols"	12322
1507663619	"ReactiveCocoa.LLVM.NumLLVMBytesOutput"	5480320
1506974729	"ReactiveCocoa.SILModule.NumSILGenFunctions"	1917
1506974729	"ReactiveCocoa.SILModule.NumSILOptFunctions"	2915
1507099674	"ReactiveCocoa.Sema.NumConformancesDeserialized"	20926
1506974729	"ReactiveCocoa.Sema.NumConstraintScopes"	23810
1507663619	"ReactiveCocoa.Sema.NumDeclsDeserialized"	42739
1506974729	"ReactiveCocoa.Sema.NumDeclsValidated"	20206
1506974729	"ReactiveCocoa.Sema.NumFunctionsTypechecked"	2484
1506974729	"ReactiveCocoa.Sema.NumGenericSignatureBuilders"	3612
1507663619	"ReactiveCocoa.Sema.NumLazyGenericEnvironments"	6210
1507099674	"ReactiveCocoa.Sema.NumLazyGenericEnvironmentsLoaded"	728
1507099674	"ReactiveCocoa.Sema.NumLazyIterableDeclContexts"	3880
1507663619	"ReactiveCocoa.Sema.NumTypesDeserialized"	39750
1507099674	"ReactiveCocoa.Sema.NumTypesValidated"	4072
1507099674	"ReactiveSwift.AST.NumImportedExternalDefinitions"	592
1506974729	"ReactiveSwift.AST.NumLoadedModules"	38
1507099674	"ReactiveSwift.AST.NumTotalClangImportedEntities"	2670
1507099674	"ReactiveSwift.AST.NumUsedConformances"	732
1507099674	"ReactiveSwift.IRModule.NumIRBasicBlocks"	23918
1507099674	"ReactiveSwift.IRModule.NumIRFunctions"	10605
1507099674	"ReactiveSwift.IRModule.NumIRGlobals"	11628
1507099674	"ReactiveSwift.IRModule.NumIRInsts"	271570
1507099674	"ReactiveSwift.IRModule.NumIRValueSymbols"	19993
1507663619	"ReactiveSwift.LLVM.NumLLVMBytesOutput"	9452416
1506974729	"ReactiveSwift.SILModule.NumSILGenFunctions"	3755
1506974729	"ReactiveSwift.SILModule.NumSILOptFunctions"	6852
1507099674	"ReactiveSwift.Sema.NumConformancesDeserialized"	26845
1506974729	"ReactiveSwift.Sema.NumConstraintScopes"	38598
1507663619	"ReactiveSwift.Sema.NumDeclsDeserialized"	44930
1506974729	"ReactiveSwift.Sema.NumDeclsValidated"	28656
1506974729	"ReactiveSwift.Sema.NumFunctionsTypechecked"	1990
1506974729	"ReactiveSwift.Sema.NumGenericSignatureBuilders"	4390
1507663619	"ReactiveSwift.Sema.NumLazyGenericEnvironments"	5196
1507099674	"ReactiveSwift.Sema.NumLazyGenericEnvironmentsLoaded"	890
1507099674	"ReactiveSwift.Sema.NumLazyIterableDeclContexts"	2982
1507663619	"ReactiveSwift.Sema.NumTypesDeserialized"	40957
1507099674	"ReactiveSwift.Sema.NumTypesValidated"	26352
